幼児教育ゼミ,148
,150
,152
,154
,156
,158
,160
教育ゼミ,459
,461
,463
,465
,467
リベラルアーツ,269
,275
,431
,433
,435
,437
,439
,441
,443
,445
,447
,449
,451
,453
,455
,457
英語で発信,23
,33
調理・スポーツ栄養,315
,317
,319
,323
,325
,327
,331
,333
,335
,339
,341
,343
,509
,511
,513
,515
,517
,519
,521
数学ゼミ,99
,101
,103
,105
理工情報,121
,123
,125
,127
,129
,131
,133
,523
,525
,527
,529
,531
,533
,535
,537
健康という財産,41
,43
,45
,47
,49
,51
,53
商品開発ゼミ,539
,541
平和学習ゼミ,109
,111
,113
,115
,117
生命科学,89
,95
,469
,471
,473
,475
,477
,479
インテリアデザイン,605
,607
,609
,611
,613
,615
スポーツ,279
,281
,283
,285
,287
,289
,291
,293
,295
,297
,299
,301
,303
,305
,307
,309
,311
ビジネス,1
,3
,13
,15
芸術創造ゼミ,217
,219
,265
,273
,277
,285
,585
,587
,589
,591
,593
人文社会学,77
,79
,81
,83
,85
,87
,91
,93
,97
,481
,483
,485
,487
,489
,491
,493
,495
,497
,499
,501
,503
,505
,507
ウェディング,63
,65
,67
,69
,71
,73
,75
ディズニ,5
,7
,9
,11
,17
,19
,21
,25
,27
,35
,37
イノベーション,103
,107
,113
,119
,538
教育,55
,57
,59
,61
スポーツ科学,577
,579
,581
,583
ホスピタリティ,136
,138
,140
,142
,144
,146
,313
,321
,329
,337
,595
,597
,599
,601
,603
インターネット,29
,31
,39
スポーツコーチング,573
,575